# Family
alias alex Alex Zheng <alex.zheng@gmail.com>

# Friends
alias tian Tian Jiang <protected.identity@gmail.com>

# UBC profs
alias kosta Konstantin (Kosta) Beznosov <beznosov@ece.ubc.ca>
alias peter Peter Lawrence <peterl@ece.ubc.ca>
alias sarah Sarah Ladd <sarah.ladd@ubc.ca>

# UBC students
alias jason Jason Poon <mr.j.poon@gmail.com>
alias cloud Cloud Shao <cshao@live.ca>
alias santsai San-Tsai Sun <santsais@ece.ubc.ca>
alias saram Sarah Motiee <motiee@ece.ubc.ca>
alias aryan Aryan Navabi <aryan.n@ieee.org>
alias brianw Brian Wong <brian.wong@me.com>
alias edwinjaury Edwin Jaury <edwinjaury@gmail.com>
alias qiangw Qiang Wei <qiangw@ece.ubc.ca>

# Microsoft
alias sergueim Serguei Michtchenko <sergueim@gmail.com>
alias deepak Deepak Manohar <deepakm@microsoft.com>
alias greg Greg Scott <gregsco@microsoft.com>
alias glenn Glenn Davis <glenn.davis@microsoft.com>
alias chao Chao Li <chaoli@microsoft.com>

# Unorganized
alias aligangji Ali Gangji <cogent@gmail.com>
alias lucaslemanowicz Lucas Lemanowicz <lemanowiczlucas@gmail.com>
